PDB code,Ligand Name,ligand_charge
184l,I4B,0
185l,IND,0
186l,N4B,0
187l,PXY,0
188l,OXE,0
1a28,STR,0
1a99,PUT,2
1afk,PAP,-5
1afl,ATR,-5
1br6,PT1,-1
1bxo,PP7,-1
1bxq,PP8,-1
1bzj,PIC,-1
1c83,OAI,-2
1c84,761,-2
1c86,OPA,-2
1c87,OPA,-2
1c88,OTA,-1
1ceb,AMH,0
1d7i,DSS,0
1d7j,BUQ,0
1drj,RIP,0
1drk,RIP,0
1dzk,PRZ,0
1e3g,R18,0
1ecv,878,-2
1efy,BZC,0
1erb,ETR,0
1ez9,Not found,
1fao,4IP,-8
1fcx,184,-1
1fcy,564,-1
1fcz,156,-1
1fd0,254,-1
1fh7,Not found,
1fh8,Not found,
1fh9,Not found,
1fhd,Not found,
1fkb,RAP,0
1fkg,SB3,0
1fkh,SBX,0
1fzq,GDP,-3
1g74,OLA,0
1g7f,INZ,-3
1g7g,INX,-3
1g7v,PAI,-4
1gfy,COL,-2
1h0a,I3P,-6
1h46,RNP,1
1h6h,PIB,-3
1hi3,A2P,-4
1hi4,A3P,-4
1hi5,ADP,-3
1hk4,T44,0
1hmr,ELA,-1
1hms,OLA,-1
1hmt,STE,-1
1hp5,NGT,1
1i37,DHT,0
1ikt,OXN,0
1j01,XIL,0
1j4r,001,0
1jak,IFG,1
1jn4,139,-2
1jvu,C2P,-2
1kav,FEP,0
1kjr,Not found,
1l83,BNZ,0
1l8g,DBD,-2
1laf,ARG,1
1lag,HIS,0
1lah,ORN,1
1lbf,137,-3
1lee,R36,0
1lf2,R37,0
1lgw,1AN,0
1li2,IPH,0
1li3,3CH,0
1li6,5MP,0
1lst,LYS,1
1m2p,HNA,0
1m2q,MNX,0
1m2r,MNY,0
1mai,I3P,-6
1n0s,FLU,-1
1njs,KEU,-2
1nl9,989,-2
1nli,ADE,0
1nny,515,-3
1no6,794,-2
1nz7,901,-3
1o0f,A3P,-4
1o0h,ADP,-3
1o0m,U2P,-2
1o0n,U3P,-2
1oba,CHT,2
1ocq,Not found,
1om1,IQA,-1
1ony,588,-2
1onz,968,-2
1os5,NH1,-1
1pot,SPD,3
1ppk,IVV,0
1ppl,1Z7,-1
1ppm,0P1,-1
1pyn,941,-2
1q7a,OPB,0
1qan,SAH,0
1qft,HSM,2
1qhc,PUA,-6
1qji,PKF,1
1qxk,429,-1
1r9l,BET,0
1rbp,RTL,0
1rd4,L08,0
1rnm,C5P,-2
1rnt,2GP,-2
1rpf,C3P,-2
1sqt,UI3,1
1sw2,BET,0
1u1b,PAX,-6
1u71,MXA,1
1ua4,AMP,-2
1uj5,5RP,-2
1usi,PHE,0
1usk,LEU,0
1uwf,DEG,0
1uz4,IFL,0
1v0k,Not found,
1v0l,Not found,
1vyf,OLA,0
1vyg,ACD,-1
1w3k,Not found,
1w3l,Not found,
1w4o,UA3,-2
1w4p,UM3,-2
1w4q,UMF,-2
1wdn,GLN,1
1wm1,PTB,1
1x38,IDD,0
1x39,IDE,0
1x8r,SC1,-4
1x8t,RC1,-4
1xbo,IX1,-1
1xk5,TPG,-3
1xt8,CYS,0
1xws,BI1,1
1y20,1AC,0
1yc1,4BC,-1
1yc4,43P,0
1yet,GDM,-1
1yqj,6NP,1
1z6s,AMP,-2
2a14,SAH,0
2azr,982,-2
2b07,598,-2
2b4l,BET,0
2bfq,AR6,-2
2bfr,ADP,-3
2bvd,ISX,1
2cbj,OAN,0
2ceq,GIM,0
2cer,PGI,0
2d0k,FOL,-2
2dri,RIP,0
2e9u,A25,0
2exm,ZIP,2
2f1g,GNF,0
2f34,UBA,-1
2f35,UBC,-1
2fqw,NOS,0
2fqx,GMP,0
2fqy,ADN,0
2fxs,RDA,-1
2gh9,Not found,
2gj5,VD3,0
2h4g,694,-2
2h4k,509,-2
2hhn,Not found,
2hnx,PLM,-1
2hxm,302,-1
2i6b,89I,0
2ihq,LG7,0
2iuz,D1H,6
2jiw,BEU,1
2nt7,902,-2
2nta,521,0
2ojj,82A,0
2oxd,K32,0
2oxn,OAN,0
2oxx,K22,0
2oxy,K17,0
2p3i,MNA,-1
2p7a,43M,0
2p7z,OHT,1
2pq9,GG9,-6
2pqb,GG9,-6
2pqc,RC1,-4
2pql,TSS,1
2pu2,DK2,-2
2pvu,LYS,1
2q2a,ARG,1
2qbp,527,-2
2qbq,4B3,-2
2qbr,910,-2
2qbs,024,-2
2qg2,A91,0
2qmg,SC6,1
2qrk,AMP,-2
2qrl,OGA,-2
2r58,MLY,1
2r5a,MLZ,0
2r9x,WH6,-2
2rcb,DSN,0
2reg,CHT,1
2rin,ACH,1
2rkm,Not found,
2sim,DAN,-1
2uy3,H33,2
2v00,V15,1
2v2q,NVG,0
2v2v,V12,0
2v58,LZJ,2
2v59,LZK,1
2vfk,AMP,-2
2vk2,GZL,-1
2vkm,BSD,
2vw1,DAN,-1
2vw2,NHE,2
2vw5,BC6,0
2vwc,BC2,0
2w5g,ATP,-4
2w8y,486,0
2w9h,TOP,0
2wb5,VGB,0
2wjg,GDP,-3
2wly,Not found,
2wlz,Not found,
2wm0,Not found,
2wzm,NA7,-4
2xab,VHD,0
2xdk,XDK,0
2xdx,WOE,0
2xg9,Not found,
2xht,C0Y,0
2xib,DFU,1
2xii,TA9,1
2xjg,XJG,0
2xjj,L81,0
2xjx,XJX,2
2yel,WSH,0
2yge,GDM,0
2ygf,GDM,0
2yix,YIX,0
2yki,YKI,1
2zcs,B70,-2
2zjw,REF,0
2zmm,35B,-2
2zn7,410,-2
2zym,Not found,
3a6t,8OG,0
3acx,673,1
3ai8,HNQ,0
3ap4,Not found,
3arp,DEQ,0
3arq,DM5,1
3arw,CTI,0
3arx,POY,1
3b25,B2K,0
3b26,B2L,0
3b27,B2T,1
3b50,SLB,-1
3b5r,B5R,0
3b65,3B6,0
3b66,B66,0
3b67,B67,0
3b68,B68,0
3bqc,EMO,0
3bu1,HSM,1
3c4h,DRL,0
3d0b,SNX,0
3d6o,U1S,1
3d6p,U2S,1
3d8z,TXS,1
3dsz,LIZ,-2
3eax,LZP,0
3eb1,LZQ,-1
3ejp,HN2,1
3ekr,PY9,0
3evd,GTP,-9
3f78,ICF,0
3fhb,GAB,-1
3g0w,LGB,1
3gbb,MS8,-1
3gbe,NOJ,1
3gjw,GJW,1
3gqz,GF7,1
3gtc,GTC,-2
3gv9,GV9,-2
3gvb,3GV,-2
3h30,RFZ,0
3hit,DYN,-1
3hk1,B64,-1
3ikd,J9Z,-2
3ikg,J8Z,-2
3ip5,ALA,0
3ip6,PRO,0
3ip8,B85,-2
3ip9,ABU,0
3iss,EPU,-3
3jy0,LYG,1
3jya,LWG,0
3jyr,Not found,
3jzj,Not found,
3k00,Not found,
3k02,TXT,1
3k4q,IHS,0
3k97,4CD,0
3k99,PFT,0
3kku,B95,0
3kyq,DPV,0
3l3l,L3L,1
3l3m,A92,1
3l4u,DSK,0
3l59,BDJ,1
3ldp,3P1,0
3lvw,GSH,-1
3m8u,GDS,-2
3m96,E38,0
3mam,BET,0
3n3g,93N,2
3npc,B96,1
3nq3,DKA,-1
3oaf,OAG,1
3owj,1EL,0
3p5o,EAM,0
3p8p,LN6,1
3p8z,36A,0
3pe1,3NG,-1
3pe2,E1B,-1
3pn1,IVH,2
3ppp,BET,0
3ppq,CHT,1
3ppr,4CS,0
3prs,RIT,1
3pwd,CZ0,0
3pww,ROC,1
3q71,AR6,-2
3qbc,B55,2
3qdd,94M,1
3qx9,ATP,-4
3r1v,AZB,0
3r4m,WOE,0
3r4n,FU5,1
3r4p,FU7,0
3r6u,CHT,1
3rlb,VIB,0
3rlq,3RQ,0
3rlr,3RR,0
3rm4,3RM,1
3rm9,613,1
3rsx,RSV,
3s0b,FNA,0
3s0d,CTV,1
3s0e,EOL,0
3sr4,TT8,0
3t1m,DQT,0
3ttm,PUT,2
3u5j,08H,1
3u5l,08K,0
3uj9,PC,-1
3ujc,PC,-1
3ujd,PC,-1
3uod,0C3,-1
3up2,0C8,-1
3uug,BDP,-1
3uxd,0CU,0
3uz5,0CU,0
3vha,VHA,0
3vhd,VHE,0
3vje,ZGA,-3
3vtr,Not found,
3w9k,MYR,-1
3w9r,A8S,-1
3wmc,NF6,0
3wvm,STE,-1
3wz6,IXZ,1
3wz7,IXY,1
3wz8,IXV,0
3zyu,1GH,0
3zze,6XP,0
4ad6,GSY,2
4aqh,TB7,0
4att,HNV,0
4auj,HNW,0
4av4,FVQ,0
4av5,FYZ,0
4az6,OAN,0
4b2l,TR7,1
4b7p,9UN,1
4bc5,5FX,0
4bqg,50Q,0
4bqs,K2Q,-1
4bs0,6NT,0
4buq,KGM,0
4c1t,Not found,
4c1u,Not found,
4cc5,L5V,0
4cfl,8DQ,1
4cst,CWK,0
4cu7,GIF,1
4cu8,DGJ,1
4cwo,T62,2
4cwp,TV2,2
4cwq,W2D,1
4cwr,HAJ,1
4cws,G3R,1
4cwt,IK9,2
4dju,0KK,1
4djv,0KM,1
4djw,0KP,1
4djx,0KQ,1
4djy,0KR,1
4egk,RDC,0
4emf,M7G,-3
4emr,MGP,-4
4erf,0R3,-1
4euo,ABU,0
4ew2,DXY,0
4ew3,DXZ,0
4f7v,J1D,0
4fcq,2N6,0
4fsl,0VB,1
4g0p,U5P,-2
4g0q,C5P,-2
4g0y,AMP,-2
4g0z,5GP,-2
4g4p,GLN,0
4g8v,0EY,0
4g8y,0FT,0
4g90,0G0,0
4g95,OAG,1
4ge1,TSS,1
4ggz,BTN,-1
4gih,0X5,0
4gii,0X6,0
4gj2,0XH,0
4gj3,0XP,0
4h3f,10O,1
4h3g,10Q,1
4h3j,10W,1
4hp0,Not found,
4hpi,Not found,
4i7k,MBN,0
4i7l,IPH,0
4i7m,2LP,0
4i7p,ES3,0
4i8n,1CG,-1
4ibb,1DK,-1
4ibc,12G,-2
4ibe,11Y,-2
4ibf,1D5,-2
4ibi,1D8,-2
4ibj,1D9,0
4ibk,1DE,-2
4j28,EAT,1
4j7d,I31,1
4j7e,I29,2
4j93,1JR,0
4jfk,JFK,4
4jfm,1KZ,0
4jfs,16Z,1
4jkw,IPE,-3
4jwk,CTN,0
4jx9,URI,0
4jym,KKN,0
4k0y,1OA,1
4k18,1OB,0
4k55,H6P,-3
4k7o,EKZ,0
4k9y,K9Y,0
4kfq,KFQ,0
4km0,CP6,0
4km2,TOP,0
4kow,CFX,-1
4kqp,GLN,0
4kz3,1U1,-1
4kz4,Not found,
4kz6,Not found,
4kz7,1U5,-1
4lar,1WE,1
4luz,1XT,-2
4lyw,21Q,0
4lzr,LOC,0
4lzs,L46,0
4m0y,M0Y,0
4m12,1YZ,0
4m13,1E0,0
4m14,QWS,0
4mdn,Y30,-1
4mmm,BP7,0
4mmp,SLB,-1
4mnp,SLB,-1
4mr3,1K0,0
4mr6,1K0,0
4mre,2C9,0
4mrg,24W,1
4mss,2CZ,1
4n7u,2JA,-3
4nh8,2LC,0
4nnr,FK5,0
4np2,2L1,1
4np3,2L2,1
4np9,I3P,-6
4nra,2LW,0
4nuc,435,0
4nue,NUE,0
4o04,2Q8,1
4o05,2Q9,1
4o07,FGH,1
4o09,2R6,0
4o0a,2P9,-4
4o0b,2QA,0
4ocq,A2G,0
4ogj,2TA,1
4omj,2TX,0
4omk,SQL,0
4or4,M7G,0
4or6,GDP,-3
4pcs,2M7,1
4pee,2OX,1
4pop,2VY,0
4pow,OP1,-1
4pp0,OP1,-1
4psb,GA3,-1
4q0k,GA3,-1
4q46,GDP,-3
4qb3,30M,0
4qev,31O,0
4qew,31P,0
4qfl,Not found,
4qfn,Not found,
4qfo,Not found,
4qfp,Not found,
4qpd,THG,1
4qsu,TDR,0
4qsv,THM,0
4r4c,3HS,-2
4r4i,3HV,-2
4r4o,3HW,-2
4r4t,3J0,-2
4r73,G6P,-2
4r75,S7P,-3
4ra1,Not found,
4rdn,6MD,0
4re2,MVL,0
4re4,IFM,1
4rsk,U3P,-2
4rvr,3WQ,0
4tjz,DKA,-1
4tkb,DAO,-1
4tkh,MYR,-1
4tkj,PLM,-1
4tmk,T5A,-6
4tpw,33R,-1
4tqn,UL4,-1
4tte,36Z,0
4tu4,37N,-1
4tun,MVH,-1
4u54,3C5,1
4u5n,3D4,3
4u5o,3D5,2
4u5s,3D0,4
4ua8,Not found,
4uac,Not found,
4ucc,ZKW,-2
4und,2YQ,0
4uye,9F9,0
4uyf,73B,-1
4v27,Not found,
4w52,BNZ,0
4w9o,3JQ,0
4w9p,3JR,0
4wiv,3P2,0
4wt2,3UD,-1
4x50,3X8,0
4x5p,3XJ,-1
4x5q,3XN,0
4x5r,3XO,1
4xip,40W,0
4xiq,40Y,0
4xir,40X,0
4xit,40Z,0
4xmb,41P,0
4xo8,KGM,0
4xoc,KGM,0
4xtx,590,0
4xu1,44O,1
4xy8,43U,0
4xya,43S,0
4y0a,SKM,-1
4y3j,HIC,0
4y3y,DCL,1
4y4j,LNR,1
4yc0,5OF,-1
4ymx,ARG,1
4zbi,4M6,-1
4zec,C84,-2
4zei,LAO,-2
4zek,LAH,-1
4zgk,4NX,0
4zow,CLM,0
4zt8,CYT,1
4zv1,ARG,1
4zyf,4T4,1
5a5q,6XC,2
5a81,78J,2
5acy,9S3,1
5ant,RJE,0
5anu,58T,0
5aoj,Y0V,-1
5aqz,SGV,0
5btx,CMP,-1
5cc2,CKA,-3
5cp5,EB0,0
5cqt,EB3,0
5cqu,JRJ,1
5cso,CTN,0
5csp,54G,-1
5cst,CDP,0
5cu4,54S,0
5cy9,E0A,0
5d0c,E0B,0
5d24,L26,0
5d25,56M,0
5d3h,57G,0
5d3j,L33,0
5d3l,57F,0
5d3n,L40,0
5d3p,57E,0
5d45,57P,-1
5d47,L19,-1
5d48,L96,-1
5dbm,58N,0
5dlx,5D2,1
5dqf,CZE,1
5dus,APR,-2
5duw,Not found,
5dw2,5GD,2
5dx4,E0C,0
5e7n,5KR,-1
5edb,5M8,-1
5edc,5M7,4
5edl,VIB,0
5efa,MGT,-4
5efc,GTP,-4
5eis,5OU,0
5eng,5QN,1
5ep7,5QR,1
5eq1,BEA,0
5etb,5RO,0
5eu1,5SW,1
5ewk,P34,1
5ewy,5TQ,-1
5f1h,5U6,1
5f25,5TU,0
5f2p,5TY,0
5f5z,5VY,1
5f60,5VZ,1
5f61,5W0,1
5f62,5W1,1
5f63,5W2,1
5fcz,TNX,0
5fe6,5WZ,1
5fe7,5WU,0
5fh7,5XL,1
5fh8,5XK,0
5fhn,5XO,1
5fnf,TQL,0
5fnr,XMS,-1
5fns,XYY,-1
5fnt,0PL,-1
5fnu,L6I,-1
5fsn,6Q3,0
5fso,S76,1
5h5f,SAM,2
5h85,5XS,2
5h8e,5Y3,2
5h9r,TGZ,0
5ha1,RNE,1
5hbn,RPI,3
5hbs,RTL,0
5hct,61P,1
5hrv,64C,0
5hrw,64E,0
5hrx,64F,0
5hz5,65X,1
5hz6,65Y,-1
5hz8,65Z,-1
5hz9,5M8,-3
5i1q,67C,0
5i7x,67B,0
5i7y,69G,0
5i80,67B,0
5i88,69G,0
5ijr,HRG,1
5ikb,KAI,-1
5ipj,6CD,0
5ito,6DB,0
5itp,6DB,0
5iyy,R40,0
5j0d,6F9,1
5j1x,AR5,0
5j20,6FJ,0
5j27,Not found,
5j2x,6DL,1
5jgi,Not found,
5jgq,Not found,
5jhk,6K8,0
5ji8,6KT,0
5jox,EDG,1
5k0m,6PU,2
5k8s,CMP,-1
5k9w,OTA,-1
5ka1,OTA,-1
5ka7,OTA,-1
5ka9,OTA,-1
5kab,OTA,-1
5kat,P4P,0
5kax,RHQ,0
5kcb,ET,0
5l3a,6DP,0
5lny,70K,0
5lom,SNW,0
5lud,76X,0
5lvq,2LX,0
5lwm,79T,1
5lyr,Not found,
5lz4,7BW,0
5lz5,7K4,0
5lz7,7BK,0
5m17,Not found,
5m23,7DC,2
5m25,7DU,2
5m28,Not found,
5m5d,Not found,
5mek,A3P,-4
5mg2,7M8,6
5mge,7MX,0
5mgf,7MW,0
5mgj,7MX,0
5mgk,7MW,0
5mks,TI8,0
5mlj,9ST,1
5mme,8Q6,0
5mmg,UT0,0
5mo8,C98,0
5mod,Not found,
5mpk,0BC,-1
5mpn,YE5,-2
5mpz,4I8,0
5mqe,PKU,0
5mwh,UWX,0
5n17,8FK,0
5n18,8HZ,0
5neb,8VE,-1
5ngz,2BG,1
5nih,8VE,-1
5nkg,8ZK,5
5nkh,8ZQ,10
5nlk,92E,0
5o2d,9HH,0
5o58,Not found,
5o5a,9LN,0
5odx,9RZ,-1
5oei,OOG,-2
5oku,0L1,-2
5orh,A4N,2
5os7,A8Q,1
5os8,J27,4
5ot8,6DB,0
5ot9,AOZ,-1
5ota,AQQ,0
5otc,AQK,0
5otr,AU8,3
5otz,AUT,2
5ov8,AXN,0
5owl,B0K,1
5sym,71Q,1
5t9u,7HG,0
5t9w,78E,0
5t9z,78R,0
5ta2,78X,0
5ta4,838,0
5tb6,77X,0
5tmp,Z5A,-2
5tpx,7H7,1
5u28,82V,1
5uc4,83S,0
5ucj,KU3,0
5ueu,0S6,0
5uez,89G,0
5uf0,89J,0
5ufc,Not found,
5uff,Not found,
5ufr,88J,0
5ula,5MJ,0
5ut6,8MY,0
5v82,96Y,1
5var,92Y,1
5vcw,93J,1
5vm0,9EG,0
5wa5,4K4,2
5wij,AQG,0
5win,SKE,2
5wmg,6JF,-1
5x74,JAY,1
5xg5,A2G,0
5y12,8JX,-1
5y13,8K0,-1
5y8y,8PX,0
5yas,FAC,0
5yj8,8W9,1
5yqx,E0K,0
5z66,VDM,1
5z99,SLB,-1
5zdb,AR6,-2
5zyl,9MC,0
5zym,9M6,0
6b4l,CJY,-1
6b4u,CN7,0
6bdy,SFG,1
6bm5,SAM,0
6bm6,SAH,0
6ckr,F5V,0
6cks,F5Y,0
6cn5,F7M,0
6cwh,6LA,-1
6cwn,6LA,-1
6dai,G2V,2
6dak,G1Y,1
6dar,G2J,1
6det,ARG,1
6dl2,GUJ,0
6dpt,H7M,0
6dpx,H7G,-1
6dpy,H7A,-1
6dsp,PAV,0
6dy7,HH7,1
6dyr,HJD,1
6dzx,MED,0
6e1z,HLP,-1
6e4a,HRY,2
6e5l,HVD,0
6e5t,HVJ,0
6e6m,8CB,0
6ei5,B5Q,2
6ekq,Not found,
6el5,PU1,0
6eln,P4A,0
6elo,BAW,0
6elp,BA8,0
6eog,BKK,2
6eol,BKH,0
6eq2,BU8,0
6eq3,BU5,1
6eq5,AX7,0
6eq7,BS8,6
6eqp,BUW,0
6exs,C3H,0
6ey8,C4T,0
6eyb,C3Z,0
6f1n,C8W,-1
6f20,C9E,1
6f9g,PUT,2
6fcj,D4W,0
6fgg,D9B,2
6fmc,DUE,1
6fo5,DZH,0
6fs1,E4Q,-1
6fsy,E5Q,0
6ftf,7CI,0
6g27,EHE,1
6g2r,EJK,0
6g2s,EJN,0
6g34,5ID,0
6g37,FTU,0
6g38,TBN,0
6g3a,5ID,0
6ge7,EW8,-1
6gf9,X90,-1
6gfs,F15,-1
6ghh,TDA,-1
6gji,F1E,2
6gjj,L36,0
6gjl,F1Q,-1
6gjm,L36,0
6gjn,F0Q,1
6gjr,F0W,0
6gl9,F3W,1
6gvz,CHO,-1
6gw4,CHO,-1
6gxg,FFN,0
6gzd,LCI,1
6h1u,ASP,-1
6h2t,GLU,-1
6h8s,Not found,
6hai,FWW,-1
6hhr,G5E,2
6hke,MLT,-2
6hly,G9Z,-1
6hmg,Not found,
6hni,TYR,0
6hoq,FER,-1
6hpw,GKT,1
6ht1,GQ5,1
6i11,H0H,0
6i12,H08,0
6i13,H0Q,0
6i14,GZN,0
6i17,GZW,1
6i18,H0N,1
6i8m,H7W,1
6i8t,H7Z,1
6ift,SAM,0
6j0g,H6P,-3
6j1l,B6L,0
6j3o,B4L,1
6j3p,B8O,2
6j9w,Not found,
6j9y,Not found,
6jad,GLC,0
6jag,Not found,
6jam,Not found,
6jao,Not found,
6jap,Not found,
6jaq,GLC,0
6jb0,Not found,
6jb4,Not found,
6jbb,Not found,
6jbe,GLC,0
6jtc,C8O,0
6k04,CQF,0
6k3l,3NG,-1
6kjd,LVA,-1
6md6,Not found,
6mh1,JQP,1
6mh7,JQY,1
6mku,ARG,1
6mkw,HIS,0
6ml9,ARG,1
6mla,ARG,1
6mle,ARG,1
6mli,Not found,
6mlj,ARG,1
6mln,ARG,1
6mlo,ARG,1
6mlp,Not found,
6n8x,KFY,0
6ncn,KJM,1
6nco,KQP,1
6ndl,BQX,9
6nfh,KLM,1
6no9,KUV,1
6olx,KFY,0
6oqb,N0J,0
6oqc,N0S,0
6oqd,N0M,0
6orr,N37,0
6p9e,O6D,-1
6pg4,OHG,1
6pg5,OHV,0
6pg7,OH4,0
6pg9,OH1,1
6pga,OGM,1
6pgb,OJG,1
6pgc,OJJ,1
6pge,OJM,0
6pi5,GUN,2
6pi6,OKM,0
6pu3,Not found,
6pve,OZP,1
6pvv,5FA,-11
6pvw,OZV,-5
6q3y,HG5,10
6q3z,HG8,1
6qge,J1E,0
6qgf,J0T,0
6qln,J5Q,0
6qlo,J5E,0
6qlp,J3Q,0
6qlq,J4E,0
6qlr,J4N,0
6qls,HRK,0
6qlt,J5W,0
6qlu,J62,0
6qmj,J6K,-1
6qmk,J8H,-1
6qz5,JLE,-1
6r8l,JUZ,0
6r8o,JV2,0
6r8w,JVH,0
6r9u,JVQ,0
6r9x,JW2,0
6s56,KVZ,0
6s57,KVT,0
6ssy,P7I,-1
6st0,LUQ,0
6stl,TAU,1
6szp,M3B,4
6t1i,M7W,0
6t1j,M7T,1
6t1l,M7N,1
6t1m,M8K,1
6t1n,M7Z,1
6t1o,M82,6
6u5y,Q0M,0
6u8o,Q1G,0
6ud2,Q4D,1
6udi,Q4S,0
6udt,Q4V,-1
6udu,Q4Y,-1
6udv,Q51,0
8a3h,IDC,0
